,NAME,GEO_ID,pop_est_ov16,pop_est_ov16_me,employed,employed_me,unemployed,unemployed_me,armed_forces,armed_forces_me,non_labor_force,non_labor_force_me,state,year
1,Alabama,0400000US01,3639386,1272,2013755,6128,170118,3051,18206,1095,1437307,6046,01,2009
2,Alaska,0400000US02,521998,620,326950,2817,31342,1128,16640,1285,147066,2216,02,2009
3,Arizona,0400000US04,4830306,1707,2810448,7082,204107,3713,20291,991,1795460,6369,04,2009
4,Arkansas,0400000US05,2218097,1205,1249579,5069,99002,2462,7263,660,862253,4456,05,2009
5,California,0400000US06,27958467,3545,16550706,17889,1410973,9166,139269,3061,9857519,16417,06,2009
6,Colorado,0400000US08,3778412,1682,2454468,6505,162296,3030,27168,1029,1134480,5973,08,2009
7,Connecticut,0400000US09,2771454,1180,1745261,5761,128555,2582,7098,495,890540,4965,09,2009
8,Delaware,0400000US10,682249,681,413261,2642,28813,1240,3377,456,236798,2600,10,2009
9,District of Columbia,0400000US11,487174,497,291830,2612,29636,1260,2859,375,162849,2490,11,2009
10,Florida,0400000US12,14641527,3657,8224422,14534,668985,8230,61328,1931,5686792,13913,12,2009
11,Georgia,0400000US13,7260017,2487,4345885,10534,375428,5752,61284,1760,2477420,10148,13,2009
12,Hawaii,0400000US15,1024202,1017,605129,2855,31532,1173,44374,1426,343167,2922,15,2009
13,Idaho,0400000US16,1131049,1029,693052,4167,47001,1738,4947,487,386049,3774,16,2009
14,Illinois,0400000US17,9958475,2619,6097035,10427,527581,5767,19617,843,3314242,9842,17,2009
15,Indiana,0400000US18,4936695,1798,3003247,7489,249361,3679,4996,535,1679091,7074,18,2009
16,Iowa,0400000US19,2353947,1019,1545698,3973,79930,2138,2458,270,725861,3570,19,2009
17,Kansas,0400000US20,2158153,1220,1392799,4132,81433,2484,13950,940,669971,3834,20,2009
18,Kentucky,0400000US21,3357684,1688,1875443,6959,153687,2771,17432,995,1311122,6212,21,2009
19,Louisiana,0400000US22,3428972,1560,1936682,6533,158510,3376,17683,947,1316097,6601,22,2009
20,Maine,0400000US23,1073592,730,656411,2650,42811,1349,3566,499,370804,2622,23,2009
21,Maryland,0400000US24,4436052,1680,2866430,7240,182950,3503,27599,1529,1359073,6444,24,2009
22,Massachusetts,0400000US25,5238828,1718,3292019,8504,236719,4154,6652,567,1703438,8019,25,2009
23,Michigan,0400000US26,7901716,2209,4479502,9297,522001,5661,5953,551,2894260,7844,26,2009
24,Minnesota,0400000US27,4076095,1300,2730225,6166,168038,2789,3538,333,1174294,5263,27,2009
25,Mississippi,0400000US28,2247772,1175,1211883,4858,122644,2756,15337,1057,897908,4584,28,2009
26,Missouri,0400000US29,4641717,1862,2807641,6696,209252,3679,18068,1044,1606756,6091,29,2009
27,Montana,0400000US30,764273,616,469812,2630,27657,1037,3756,403,263048,2628,30,2009
28,Nebraska,0400000US31,1377481,909,924569,3147,47648,1485,6436,521,398828,2820,31,2009
29,Nevada,0400000US32,1956906,1269,1224279,4813,95854,2520,8952,724,627821,4357,32,2009
30,New Hampshire,0400000US33,1055833,746,698733,3139,39113,1392,1567,289,316420,3052,33,2009
31,New Jersey,0400000US34,6821981,1732,4217343,7675,310767,4190,10487,1037,2283384,7452,34,2009
32,New Mexico,0400000US35,1519521,808,877146,4187,63498,2077,8781,686,570096,4058,35,2009
33,New York,0400000US36,15470793,2871,9102596,11337,688291,5849,25979,1184,5653927,11479,36,2009
34,North Carolina,0400000US37,7084756,2208,4171964,9013,346617,4929,92274,2651,2473901,9376,37,2009
35,North Dakota,0400000US38,514290,494,339790,1854,12596,717,6516,553,155388,1677,38,2009
36,Ohio,0400000US39,9080592,2079,5418915,10734,469223,4805,11599,784,3180855,9703,39,2009
37,Oklahoma,0400000US40,2811935,1282,1645888,4743,101893,2755,21017,1101,1043137,3835,40,2009
38,Oregon,0400000US41,2964185,1247,1765814,5945,150076,2741,3272,417,1045023,5100,41,2009
39,Pennsylvania,0400000US42,10055581,2156,5901533,10514,427733,5681,10433,674,3715882,9989,42,2009
40,Rhode Island,0400000US44,852449,572,523367,3343,39903,1388,3648,421,285531,2964,44,2009
41,South Carolina,0400000US45,3480700,1368,1971789,5612,181107,3384,35665,1172,1292139,5276,45,2009
42,South Dakota,0400000US46,623398,607,411984,2426,19209,826,3101,383,189104,2114,46,2009
43,Tennessee,0400000US47,4853746,2003,2809223,8363,242253,3969,16722,1135,1785548,7992,47,2009
44,Texas,0400000US48,17889418,3387,10860964,13484,791884,7639,96766,2574,6139804,12293,48,2009
45,Utah,0400000US49,1909462,1209,1251982,4676,67823,2120,6726,731,582931,4390,49,2009
46,Vermont,0400000US50,507302,413,329640,1718,19614,925,673,148,157375,1455,50,2009
47,Virginia,0400000US51,6097997,2034,3768930,7527,216714,3761,125689,2687,1986664,7808,51,2009
48,Washington,0400000US53,5100398,1484,3089219,6539,232592,3488,52910,1815,1725677,6801,53,2009
49,West Virginia,0400000US54,1471068,1048,760616,4024,54856,1646,1888,325,653708,4042,54,2009
50,Wisconsin,0400000US55,4440470,1254,2873396,6364,187407,3119,4986,458,1374681,5552,55,2009
51,Wyoming,0400000US56,413133,638,273892,1886,12851,1006,3759,581,122631,1596,56,2009
52,Puerto Rico,0400000US72,3061264,1246,1208908,5208,234511,3566,2320,366,1615525,5475,72,2009
1,Alabama,0400000US01,3714504,1588,2036867,5904,194012,3179,15969,888,1467656,5401,01,2010
2,Alaska,0400000US02,528189,576,332126,2150,31231,1169,17086,991,147746,1758,02,2010
3,Arizona,0400000US04,4813496,1502,2747475,7324,227691,3977,20490,1030,1817840,7475,04,2010
4,Arkansas,0400000US05,2247624,1178,1254140,4879,106798,2496,7061,518,879625,4710,05,2010
5,California,0400000US06,28445585,4159,16632466,19046,1642405,9158,143435,2902,10027279,16830,06,2010
6,Colorado,0400000US08,3820290,1699,2456139,6374,180488,3107,30348,1012,1153315,6177,08,2010
7,Connecticut,0400000US09,2820837,1326,1765549,5408,145356,2879,8944,576,900988,5278,09,2010
8,Delaware,0400000US10,700375,765,419062,2855,32075,1457,3755,476,245483,2841,10,2010
9,District of Columbia,0400000US11,493401,397,297189,2534,30847,1597,3062,332,162303,2162,11,2010
10,Florida,0400000US12,14988197,2948,8317203,15196,810878,7826,59099,1970,5801017,13969,12,2010
11,Georgia,0400000US13,7287745,2357,4296760,9294,417161,4620,56625,1674,2517199,9265,13,2010
12,Hawaii,0400000US15,1068287,735,636454,3786,38015,1446,39598,1587,354220,3147,15,2010
13,Idaho,0400000US16,1153611,901,698898,2560,52582,1708,4446,458,397685,2772,16,2010
14,Illinois,0400000US17,9967535,2526,6062848,11006,569744,5462,21456,1125,3313487,9771,17,2010
15,Indiana,0400000US18,4996762,1700,2999570,7274,274859,3715,5245,532,1717088,6321,18,2010
16,Iowa,0400000US19,2377835,1148,1553594,3661,86487,2048,2412,330,735342,3621,19,2010
17,Kansas,0400000US20,2175144,1325,1390619,4168,88898,2120,15023,1112,680604,3909,20,2010
18,Kentucky,0400000US21,3383799,1613,1871531,5208,167390,2969,17412,1187,1327466,5200,21,2010
19,Louisiana,0400000US22,3455412,1512,1952818,5980,163976,3017,16588,861,1322030,6363,22,2010
20,Maine,0400000US23,1083357,757,657556,2831,45835,1378,3256,441,376710,2946,23,2010
21,Maryland,0400000US24,4503062,1893,2903595,6156,204333,2962,27841,1518,1367293,5789,24,2010
22,Massachusetts,0400000US25,5224911,1629,3271535,7325,259725,3554,6120,599,1687531,7266,25,2010
23,Michigan,0400000US26,7836314,2157,4369785,10590,568552,4408,5666,483,2892311,9870,26,2010
24,Minnesota,0400000US27,4111966,1297,2730721,5905,186210,2902,3242,358,1191793,5001,27,2010
25,Mississippi,0400000US28,2274381,1499,1216050,4564,129104,3091,13798,872,915429,4294,28,2010
26,Missouri,0400000US29,4664019,1670,2796027,6634,224872,3651,21229,1232,1621891,5744,29,2010
27,Montana,0400000US30,778518,643,476195,2665,28683,1150,3737,322,269903,2425,30,2010
28,Nebraska,0400000US31,1397699,933,937574,3147,50485,1565,5882,485,403758,2697,31,2010
29,Nevada,0400000US32,2050325,1093,1254163,5518,123758,2981,9422,651,662982,5689,32,2010
30,New Hampshire,0400000US33,1056843,759,695283,3057,43226,1358,1285,271,317049,3015,33,2010
31,New Jersey,0400000US34,6893087,1833,4230560,9166,356690,4495,9452,786,2296385,8181,34,2010
32,New Mexico,0400000US35,1561181,972,888761,4268,69142,2077,8520,648,594758,3961,35,2010
33,New York,0400000US36,15394140,3049,9045999,11816,735732,5646,26419,1278,5585990,11763,36,2010
34,North Carolina,0400000US37,7287107,1772,4234087,8605,406142,5232,85572,2156,2561306,7743,37,2010
35,North Dakota,0400000US38,529990,457,352012,1800,13145,765,5827,482,159006,1554,38,2010
36,Ohio,0400000US39,9079315,2120,5369857,11476,508130,4948,11792,773,3189536,9908,39,2010
37,Oklahoma,0400000US40,2866572,1387,1674765,5087,110717,2289,21376,1178,1059714,4627,40,2010
38,Oregon,0400000US41,3000732,1277,1763324,5841,168672,2841,3236,443,1065500,5234,41,2010
39,Pennsylvania,0400000US42,10147657,2264,5940972,10456,467650,4940,9688,574,3729347,9298,42,2010
40,Rhode Island,0400000US44,855547,816,515924,2921,44627,1938,4155,449,290841,2968,44,2010
41,South Carolina,0400000US45,3567959,1666,2002289,6513,204196,3121,37212,1183,1324262,6198,45,2010
42,South Dakota,0400000US46,623566,595,410156,2066,20155,1070,3358,339,189897,2050,46,2010
43,Tennessee,0400000US47,4919958,2074,2816637,8548,265312,4057,16524,1090,1821485,8031,47,2010
44,Texas,0400000US48,18380464,3876,11125616,13351,837231,6833,102805,2689,6314812,13674,48,2010
45,Utah,0400000US49,1907903,1025,1236803,3780,76854,2228,6290,570,587956,3625,49,2010
46,Vermont,0400000US50,509527,386,329676,1864,20622,766,655,144,158574,1589,50,2010
47,Virginia,0400000US51,6216349,2080,3824131,8136,241113,3698,122809,2512,2028296,7698,51,2010
48,Washington,0400000US53,5186380,1906,3124821,8306,255923,4090,51469,1443,1754167,6790,53,2010
49,West Virginia,0400000US54,1498611,912,763691,3805,58650,1649,1929,292,674341,3883,54,2010
50,Wisconsin,0400000US55,4458387,1394,2869310,6891,204600,3294,4555,436,1379922,5753,55,2010
51,Wyoming,0400000US56,429389,561,284148,1824,13164,736,3328,406,128749,1700,56,2010
52,Puerto Rico,0400000US72,2931640,1108,1149431,5667,231046,3123,1944,327,1549219,5376,72,2010
1,Alabama,0400000US01,3748844,1681,2027919,7620,215543,3565,16245,832,1489137,6836,01,2011
2,Alaska,0400000US02,536544,580,336026,2127,30932,1121,17791,778,151795,1810,02,2011
3,Arizona,0400000US04,4895581,1902,2739077,8466,268363,4759,19709,877,1868432,8258,04,2011
4,Arkansas,0400000US05,2267563,1264,1252276,5739,114100,2324,6848,626,894339,5277,05,2011
5,California,0400000US06,28796402,4317,16603417,15328,1868871,12606,146361,2354,10177753,17985,06,2011
6,Colorado,0400000US08,3888310,1399,2476167,6831,203279,4108,31286,913,1177578,6101,08,2011
7,Delaware,0400000US10,709757,602,420057,2754,35231,1259,3916,512,250553,2566,10,2011
8,District of Columbia,0400000US11,502503,510,300913,2233,33495,1325,3115,358,164980,2211,11,2011
9,Connecticut,0400000US09,2839677,1193,1764755,4621,163634,3045,8699,483,902589,3903,09,2011
10,Florida,0400000US12,15169949,3134,8258511,15946,948078,8339,58331,2222,5905029,12762,12,2011
11,Georgia,0400000US13,7402545,2294,4288924,10943,469316,5912,55361,1505,2588944,11448,13,2011
12,Idaho,0400000US16,1172324,784,699895,3029,59871,2066,3832,425,408726,3101,16,2011
13,Hawaii,0400000US15,1079024,604,635956,2898,43274,1677,38699,1083,361095,2727,15,2011
14,Illinois,0400000US17,10029404,2171,6043771,9850,622727,5717,21831,910,3341075,8714,17,2011
15,Indiana,0400000US18,5035313,1706,2984502,8001,294244,3890,4927,522,1751640,6974,18,2011
16,Iowa,0400000US19,2392818,1135,1554416,4488,90571,2149,2376,301,745455,3897,19,2011
17,Kansas,0400000US20,2192495,987,1393658,4493,95489,2169,17253,684,686095,3919,20,2011
18,Kentucky,0400000US21,3412180,1516,1865652,7025,182507,3166,17710,749,1346311,6032,21,2011
19,Louisiana,0400000US22,3503250,1584,1974967,6746,172040,3417,16206,907,1340037,6954,22,2011
20,Maine,0400000US23,1086610,685,654300,2970,50266,1484,3052,433,378992,2723,23,2011
21,Maryland,0400000US24,4547457,1422,2909466,6813,227600,3975,28952,1569,1381439,6615,24,2011
22,Massachusetts,0400000US25,5267692,1490,3280503,7753,287476,3948,5940,535,1693773,6413,25,2011
23,Michigan,0400000US26,7840553,2080,4306814,9132,601515,5245,5348,627,2926876,7267,26,2011
24,Minnesota,0400000US27,4147665,1209,2734914,5054,201649,3165,2892,337,1208210,4238,27,2011
25,Mississippi,0400000US28,2287478,1383,1210301,5384,134828,2961,13829,646,928520,5045,28,2011
26,Missouri,0400000US29,4700400,1529,2790203,6616,244812,3882,21391,696,1643994,5709,29,2011
27,Montana,0400000US30,786732,597,477082,2800,32646,1375,3468,324,273536,2609,30,2011
28,Nebraska,0400000US31,1409203,826,941270,3463,54055,1674,5684,436,408194,2897,31,2011
29,Nevada,0400000US32,2086005,1167,1246387,4858,145293,2585,10273,796,684052,4707,32,2011
30,New Hampshire,0400000US33,1063324,731,695066,3177,46668,1592,1608,258,319982,2607,33,2011
31,New Jersey,0400000US34,6935191,1841,4221383,8087,402751,5313,9431,732,2301626,7226,34,2011
32,New Mexico,0400000US35,1581130,1080,886857,3793,78901,2273,8754,614,606618,3868,35,2011
33,New York,0400000US36,15494360,2687,9051668,14550,803436,7251,26568,993,5612688,14600,36,2011
34,North Carolina,0400000US37,7411079,2409,4241650,10981,455742,5315,87592,1858,2626095,9931,37,2011
35,North Dakota,0400000US38,536039,500,358106,1643,12772,739,5948,465,159213,1366,38,2011
36,Ohio,0400000US39,9110226,2449,5326405,10082,545888,4780,11667,770,3226266,8617,39,2011
37,Oklahoma,0400000US40,2897182,969,1685029,4778,116866,2178,21884,952,1073403,4654,40,2011
38,Oregon,0400000US41,3039160,1187,1753398,5689,191276,3084,3085,397,1091401,5523,41,2011
39,Pennsylvania,0400000US42,10209810,2157,5938507,10031,508654,5119,9366,570,3753283,9807,42,2011
40,Rhode Island,0400000US44,855960,706,513558,2987,50461,1603,3741,425,288200,2835,44,2011
41,South Carolina,0400000US45,3624311,1479,1999063,6403,227214,3428,36657,1159,1361377,6566,45,2011
42,South Dakota,0400000US46,630184,569,413552,2153,20958,1034,3529,456,192145,2014,46,2011
43,Tennessee,0400000US47,4978954,1866,2818005,8118,287097,4471,17136,937,1856716,7897,47,2011
44,Texas,0400000US48,18747892,3575,11288597,15411,890438,7380,106249,2107,6462608,14013,48,2011
45,Vermont,0400000US50,511749,460,328365,1962,22141,815,580,135,160663,1778,50,2011
46,Utah,0400000US49,1948759,1076,1251302,3805,87453,2079,6865,665,603139,3738,49,2011
47,Virginia,0400000US51,6295555,1741,3843773,8230,265331,4087,122472,2333,2063979,7687,51,2011
48,Washington,0400000US53,5269197,1733,3135962,7384,286062,4157,52571,1655,1794602,6227,53,2011
49,West Virginia,0400000US54,1504751,856,762595,3826,62164,2036,1710,275,678282,3922,54,2011
50,Wisconsin,0400000US55,4487568,1437,2859925,6870,219865,3408,4326,372,1403452,5537,55,2011
51,Wyoming,0400000US56,436090,532,287634,1769,14173,886,3115,412,131168,1819,56,2011
52,Puerto Rico,0400000US72,2934611,1135,1135064,5445,238059,3200,1977,294,1559511,5221,72,2011
1,Alabama,0400000US01,3779457,1500,2017887,6610,230778,3298,16343,955,1514449,5644,01,2012
2,Alaska,0400000US02,545497,570,341115,2245,31369,1241,17406,693,155607,1900,02,2012
3,Arizona,0400000US04,4967615,1895,2733537,7585,296132,4613,19750,985,1918196,8453,04,2012
4,Arkansas,0400000US05,2285328,1147,1253069,5264,117354,2956,6788,606,908117,4855,05,2012
5,California,0400000US06,29163075,4124,16614362,21043,2059444,11931,147620,2583,10341649,21051,06,2012
6,Colorado,0400000US08,3955983,1383,2498972,6444,218419,3273,32166,1038,1206426,5777,08,2012
7,Delaware,0400000US10,718553,657,422219,2705,38591,1331,3797,459,253946,2706,10,2012
8,District of Columbia,0400000US11,513352,401,308602,2074,36228,1380,3180,319,165342,2143,11,2012
9,Connecticut,0400000US09,2859923,1046,1762707,5695,177706,2922,8838,503,910672,5149,09,2012
10,Florida,0400000US12,15364895,3300,8220927,14177,1049899,7979,57613,1988,6036456,13821,12,2012
11,Georgia,0400000US13,7508748,2395,4277991,11079,511530,6202,55293,1639,2663934,9923,13,2012
12,Idaho,0400000US16,1188341,867,698702,3306,65289,1883,3635,423,420715,3543,16,2012
13,Hawaii,0400000US15,1093852,690,642284,3390,46224,1637,39220,1226,366124,2986,15,2012
14,Illinois,0400000US17,10079433,2454,6035426,10791,663891,5964,20659,865,3359457,10497,17,2012
15,Indiana,0400000US18,5067379,1653,2978847,8091,309363,3707,4677,551,1774492,7198,18,2012
16,Iowa,0400000US19,2405664,1206,1557331,4175,91676,2026,2473,370,754184,3216,19,2012
17,Kansas,0400000US20,2208363,1215,1395634,4659,100505,2193,17799,742,694425,4712,20,2012
18,Kentucky,0400000US21,3433526,1518,1859549,5815,194610,3319,17630,799,1361737,5613,21,2012
19,Louisiana,0400000US22,3542555,1550,1993119,5904,182864,3642,16321,990,1350251,5620,22,2012
20,Maine,0400000US23,1089755,683,651335,3054,52318,1432,2510,375,383592,2786,23,2012
21,Maryland,0400000US24,4598714,1552,2924344,7161,246720,3369,28226,1673,1399424,6313,24,2012
22,Massachusetts,0400000US25,5320423,1134,3302990,8449,305515,4158,5589,551,1706329,7457,25,2012
23,Michigan,0400000US26,7849558,1756,4269865,10096,614849,5437,4880,417,2959964,8309,26,2012
24,Minnesota,0400000US27,4180087,1300,2745021,5149,207462,2825,2826,308,1224778,4158,27,2012
25,Mississippi,0400000US28,2300867,1384,1204869,5411,143126,2721,13504,792,939368,5077,28,2012
26,Missouri,0400000US29,4729641,1646,2781791,7099,259574,3798,21195,845,1667081,5934,29,2012
27,Montana,0400000US30,794385,579,478254,2968,35541,1356,3553,418,277037,2608,30,2012
28,Nebraska,0400000US31,1419577,775,946986,2979,55912,1542,5636,417,411043,3046,31,2012
29,Nevada,0400000US32,2115306,1067,1237659,5315,166416,3575,10299,971,700932,4136,32,2012
30,New Hampshire,0400000US33,1068648,769,694736,2702,48926,1646,1668,289,323318,2415,33,2012
31,New Jersey,0400000US34,6985329,1995,4219677,7954,443328,4608,9333,576,2312991,6978,34,2012
32,New Mexico,0400000US35,1597923,1123,882461,4529,88267,2298,8891,660,618304,3912,35,2012
33,New York,0400000US36,15615122,2389,9073362,15534,869729,7578,26495,1010,5645536,14571,36,2012
34,North Carolina,0400000US37,7523670,2165,4246096,9958,497589,5928,88733,1805,2691252,10226,37,2012
35,North Dakota,0400000US38,543270,509,364782,1932,12709,646,5598,379,160181,1705,38,2012
36,Ohio,0400000US39,9138488,2021,5300141,10435,569218,5071,11158,777,3257971,8830,39,2012
37,Oklahoma,0400000US40,2924464,1045,1689965,5182,122629,2388,21515,982,1090355,4466,40,2012
38,Oregon,0400000US41,3072774,1326,1743524,6600,210379,3831,3182,433,1115689,5658,41,2012
39,Pennsylvania,0400000US42,10265643,2438,5930125,10579,548580,4889,8783,629,3778155,9783,42,2012
40,Rhode Island,0400000US44,857434,704,511323,3126,53904,1588,3573,430,288634,2836,44,2012
41,South Carolina,0400000US45,3675075,1511,1995222,7683,248835,4091,36502,1197,1394516,7028,45,2012
42,South Dakota,0400000US46,636670,528,416687,2241,21687,919,3401,431,194895,1919,46,2012
43,Tennessee,0400000US47,5030090,1555,2815491,8245,304598,3696,17197,1011,1892804,7366,47,2012
44,Texas,0400000US48,19110058,3462,11440956,17102,960408,7479,105827,2184,6602867,16144,48,2012
45,Vermont,0400000US50,513968,416,327499,1932,22911,981,586,124,162972,1768,50,2012
46,Utah,0400000US49,1984562,1122,1265221,3868,96504,2341,6527,593,616310,3760,49,2012
47,Virginia,0400000US51,6377782,2184,3867416,8558,286994,3758,122105,2470,2101267,8040,51,2012
48,Washington,0400000US53,5345975,1487,3150493,7663,309049,4146,52207,1311,1834226,6281,53,2012
49,West Virginia,0400000US54,1508549,921,760812,3619,65115,1834,1562,272,681060,3207,54,2012
50,Wisconsin,0400000US55,4512525,1310,2856318,5990,230456,2972,3897,406,1421854,5697,55,2012
51,Wyoming,0400000US56,442182,519,288847,1811,15537,860,2940,336,134858,1754,56,2012
52,Puerto Rico,0400000US72,2932131,1347,1121428,5875,242218,3905,1914,266,1566571,5896,72,2012
1,Alabama,0400000US01,3806434,1286,2002163,6337,241930,3304,15251,744,1547090,5475,01,2013
2,Alaska,0400000US02,553214,488,343366,2206,32939,1216,16732,698,160177,1889,02,2013
3,Arizona,0400000US04,5039711,1815,2721866,7857,316360,4247,18282,922,1983203,7756,04,2013
4,Arkansas,0400000US05,2301443,1294,1245432,4915,121235,2906,6308,545,928468,5300,05,2013
5,California,0400000US06,29516595,4166,16635854,19001,2168665,12673,141725,2329,10570351,18154,06,2013
6,Colorado,0400000US08,4023722,1479,2509777,6524,231741,3590,32972,997,1249232,5933,08,2013
7,Delaware,0400000US10,726364,684,422009,2403,41207,1407,3480,394,259668,2308,10,2013
8,District of Columbia,0400000US11,525070,395,315177,2349,38994,1294,3287,266,167612,2381,11,2013
9,Connecticut,0400000US09,2879150,1196,1759412,4514,190709,2541,8602,447,920427,4661,09,2013
10,Florida,0400000US12,15563534,3442,8202636,15647,1096028,7798,57145,1867,6207725,15838,12,2013
11,Georgia,0400000US13,7598174,2293,4254879,10457,544802,6094,52963,1396,2745530,10362,13,2013
12,Idaho,0400000US16,1201999,887,696190,3304,67189,1946,3270,420,435350,3156,16,2013
13,Hawaii,0400000US15,1104534,660,640072,3313,48748,1565,39975,1085,375739,3212,15,2013
14,Illinois,0400000US17,10124119,1897,5998320,10897,700616,5728,19300,923,3405883,9786,17,2013
15,Indiana,0400000US18,5099339,1635,2963879,7449,315476,4336,4052,438,1815932,6732,18,2013
16,Iowa,0400000US19,2420102,937,1553030,4074,94913,1937,2197,320,769962,3853,19,2013
17,Kansas,0400000US20,2222215,1251,1387071,4570,104341,2298,17775,789,713028,3846,20,2013
18,Kentucky,0400000US21,3454107,1519,1857767,7196,201987,2864,16801,774,1377552,6638,21,2013
19,Louisiana,0400000US22,3577960,1504,1995378,7484,192166,3156,15781,844,1374635,6463,22,2013
20,Maine,0400000US23,1092849,684,647099,2972,53866,1339,2101,346,389783,2800,23,2013
21,Maryland,0400000US24,4645779,1649,2926198,7119,260567,3593,27868,1731,1431146,6386,24,2013
22,Massachusetts,0400000US25,5371252,1644,3308547,6941,322730,3986,5070,566,1734905,7087,25,2013
23,Michigan,0400000US26,7865350,1696,4242948,9421,616469,6387,4597,498,3001336,8284,26,2013
24,Minnesota,0400000US27,4212737,1237,2748174,5534,210815,2938,2487,305,1251261,4622,27,2013
25,Mississippi,0400000US28,2312959,1411,1194436,5421,149148,3017,12103,787,957272,5461,28,2013
26,Missouri,0400000US29,4755870,1780,2770617,6750,267644,4121,20953,744,1696656,5983,29,2013
27,Montana,0400000US30,801199,663,477015,2689,37702,1130,3579,323,282903,2532,30,2013
28,Nebraska,0400000US31,1431428,788,948701,2997,57525,1675,5055,396,420147,2678,31,2013
29,Nevada,0400000US32,2143541,1259,1229604,4223,175142,3466,9474,786,729321,4551,32,2013
30,New Hampshire,0400000US33,1074477,668,690769,3053,51670,1571,1416,236,330622,2908,33,2013
31,New Jersey,0400000US34,7028795,1622,4197483,8824,472094,4692,8089,628,2351129,7757,34,2013
32,New Mexico,0400000US35,1612730,1074,876823,4027,94111,2443,8631,604,633165,4264,35,2013
33,New York,0400000US36,15717283,2752,9062757,13337,921607,7575,24823,896,5708096,13832,36,2013
34,North Carolina,0400000US37,7622230,2220,4234977,11535,527430,5286,87733,1757,2772090,9115,37,2013
35,North Dakota,0400000US38,553026,477,371612,1909,12617,735,5440,325,163357,1581,38,2013
36,Ohio,0400000US39,9170484,1772,5266386,10156,582953,5996,10177,736,3310968,8738,39,2013
37,Oklahoma,0400000US40,2950783,1116,1686404,5265,127842,2170,20120,943,1116417,4953,40,2013
38,Oregon,0400000US41,3106026,1313,1736894,5920,221191,4085,3202,420,1144739,5908,41,2013
39,Pennsylvania,0400000US42,10310404,1985,5914876,11100,581533,5124,7352,626,3806643,9918,42,2013
40,Rhode Island,0400000US44,859385,598,509865,2934,56125,1613,3185,326,290210,2475,44,2013
41,South Carolina,0400000US45,3720700,1493,2003023,7302,258444,4660,34188,1182,1425045,6049,45,2013
42,South Dakota,0400000US46,643377,605,418991,2279,22250,949,2970,324,199166,2215,46,2013
43,Tennessee,0400000US47,5078433,1738,2806948,8635,316682,4539,17035,866,1937768,8091,47,2013
44,Texas,0400000US48,19468136,3853,11569041,16244,1020132,8325,101858,2243,6777105,15841,48,2013
45,Vermont,0400000US50,515484,433,324350,1823,23546,888,599,141,166989,1650,50,2013
46,Utah,0400000US49,2021139,1190,1275709,4319,101449,2431,5207,481,638774,4293,49,2013
47,Virginia,0400000US51,6453616,2235,3885351,8538,303129,4380,115131,2220,2150005,8466,51,2013
48,Washington,0400000US53,5416136,1608,3149730,6852,327155,4061,49891,1493,1889360,5891,53,2013
49,West Virginia,0400000US54,1512388,951,755632,3844,69351,2019,1242,201,686163,4118,54,2013
50,Wisconsin,0400000US55,4537877,1673,2839636,6287,239464,3485,3281,341,1455496,5200,55,2013
51,Wyoming,0400000US56,448295,650,289823,1844,16760,1035,2936,375,138776,1874,56,2013
52,Puerto Rico,0400000US72,2925380,1154,1099138,5540,247824,3462,1482,262,1576936,5786,72,2013
1,Mississippi,0400000US28,2323223,1461,1198828,5237,147210,2814,10936,726,966249,5229,28,2014
2,Missouri,0400000US29,4781853,1710,2779991,7599,254534,3771,19994,799,1727334,6691,29,2014
3,Montana,0400000US30,807917,609,481119,2914,35284,1257,3411,397,288103,2683,30,2014
4,Nebraska,0400000US31,1442692,925,957508,2956,54785,1584,4548,358,425851,2554,31,2014
5,Nevada,0400000US32,2175721,1168,1240614,5261,166167,3240,9143,808,759797,4628,32,2014
6,New Hampshire,0400000US33,1080795,742,693329,2970,48029,1533,1373,191,338064,2681,33,2014
7,New Jersey,0400000US34,7080181,1691,4235089,9776,453097,4670,6970,521,2385025,8738,34,2014
8,New Mexico,0400000US35,1625155,1034,875947,4722,93106,2157,8526,639,647576,4098,35,2014
9,New York,0400000US36,15832743,2848,9137540,14014,893092,7816,23816,1071,5778295,14598,36,2014
10,North Carolina,0400000US37,7717630,2017,4287690,11214,505668,5864,85760,2007,2838512,8858,37,2014
11,North Dakota,0400000US38,563755,586,379972,2025,12213,836,5065,371,166505,1903,38,2014
12,Ohio,0400000US39,9197668,2087,5303013,10434,536573,5152,8795,658,3349287,8679,39,2014
13,Oklahoma,0400000US40,2977835,1028,1699610,4560,124804,2360,18726,709,1134695,4014,40,2014
14,Oregon,0400000US41,3139152,1339,1752414,6068,206222,3659,2739,344,1177777,4862,41,2014
15,Pennsylvania,0400000US42,10351296,2100,5946480,11309,556468,5695,5454,485,3842894,10748,42,2014
16,Rhode Island,0400000US44,862851,644,511362,2934,53761,1898,3316,344,294412,3080,44,2014
17,South Carolina,0400000US45,3768421,1488,2031997,6759,242145,3934,32242,1309,1462037,6446,45,2014
18,South Dakota,0400000US46,651429,594,425816,2105,21364,1019,2951,349,201298,1732,46,2014
19,Tennessee,0400000US47,5125250,2021,2835895,7426,296819,4088,16363,960,1976173,7053,47,2014
20,Texas,0400000US48,19858082,3235,11809010,17963,982580,8970,97573,2138,6968919,17800,48,2014
21,Vermont,0400000US50,517411,474,325336,1664,21643,787,507,111,169925,1542,50,2014
22,Utah,0400000US49,2057591,1076,1299818,4049,95738,2590,4396,438,657639,4073,49,2014
23,Virginia,0400000US51,6531424,1968,3936638,8695,293310,4396,108658,2006,2192818,8440,51,2014
24,Washington,0400000US53,5488038,1507,3194382,7491,308955,4604,48533,1507,1936168,7377,53,2014
25,West Virginia,0400000US54,1513749,806,753227,3878,67035,1872,1127,249,692360,3876,54,2014
26,Wisconsin,0400000US55,4561244,1325,2852018,6289,221662,2925,2631,294,1484933,6191,55,2014
27,Wyoming,0400000US56,453096,617,291552,1933,15950,1057,2516,259,143078,1920,56,2014
28,Puerto Rico,0400000US72,2911026,1359,1081146,4606,242808,3418,1372,225,1585700,5848,72,2014
29,Alabama,0400000US01,3828799,1578,2010453,6237,228716,3643,13836,906,1575794,6674,01,2014
30,Alaska,0400000US02,560680,516,347983,2383,32097,1177,16776,739,163824,2175,02,2014
31,Arizona,0400000US04,5121781,1846,2754982,7698,304067,4552,17485,790,2045247,6604,04,2014
32,Arkansas,0400000US05,2315782,1210,1251717,4831,115090,2100,5270,625,943705,5200,05,2014
33,California,0400000US06,29934838,3523,16890442,21563,2084564,11640,133870,2300,10825962,19572,06,2014
34,Colorado,0400000US08,4094922,1353,2560703,6828,219241,3549,31757,1061,1283221,6360,08,2014
35,Delaware,0400000US10,734886,627,426103,2480,39819,1517,3149,390,265815,2479,10,2014
36,District of Columbia,0400000US11,536771,318,325838,2201,38496,1417,3176,221,169261,2179,11,2014
37,Connecticut,0400000US09,2895925,1238,1766934,5661,186587,2986,8598,457,933806,5119,09,2014
38,Florida,0400000US12,15817611,3510,8335023,17240,1024905,10355,55160,1867,6402523,15303,12,2014
39,Georgia,0400000US13,7693577,2635,4300074,10441,519291,5341,49477,1504,2824735,9206,13,2014
40,Idaho,0400000US16,1216172,929,703410,3319,61837,1967,3029,404,447896,3067,16,2014
41,Hawaii,0400000US15,1118419,763,645571,3140,46285,1453,39544,1179,387019,2815,15,2014
42,Illinois,0400000US17,10170489,2343,6032031,11023,669561,6281,17265,1209,3451632,8888,17,2014
43,Indiana,0400000US18,5131317,2045,2994736,9200,290469,4307,3157,374,1842955,7930,18,2014
44,Iowa,0400000US19,2434242,975,1562492,4461,89414,1879,1808,317,780528,3972,19,2014
45,Kansas,0400000US20,2236421,1122,1391836,4052,97951,2425,17216,805,729418,3732,20,2014
46,Kentucky,0400000US21,3476701,1261,1870879,5618,192877,3194,15502,722,1397443,5099,21,2014
47,Louisiana,0400000US22,3610029,1607,2002410,6653,189644,2840,14874,744,1403101,6298,22,2014
48,Maine,0400000US23,1095219,666,646438,2914,51931,1543,1773,273,395077,2623,23,2014
49,Maryland,0400000US24,4695768,1501,2949440,7115,257918,3442,26322,1125,1462088,6961,24,2014
50,Massachusetts,0400000US25,5427407,1764,3354036,7907,309050,4428,4526,458,1759795,7242,25,2014
51,Michigan,0400000US26,7893971,2211,4293574,9941,554747,5539,3787,322,3041863,8910,26,2014
52,Minnesota,0400000US27,4247699,1131,2781933,5549,192010,2529,2071,220,1271685,5187,27,2014
1,Mississippi,0400000US28,2333154,1449,1203914,5777,138445,3244,10634,726,980161,5598,28,2015
2,Missouri,0400000US29,4803676,1761,2807996,5535,226528,3019,19414,700,1749738,5069,29,2015
3,Montana,0400000US30,814661,698,485446,2893,32361,1284,3523,430,293331,2702,30,2015
4,Nebraska,0400000US31,1454157,731,968134,3220,47602,1166,4683,374,433738,2996,31,2015
5,Nevada,0400000US32,2210559,1028,1267312,5125,148467,2731,8817,615,785963,5249,32,2015
6,New Hampshire,0400000US33,1087512,683,698810,3176,42733,1495,1331,217,344638,2622,33,2015
7,New Jersey,0400000US34,7120154,1598,4281760,8024,413343,4305,7405,552,2417646,8147,34,2015
8,New Mexico,0400000US35,1633310,973,876035,4065,88924,2279,8932,643,659419,4116,35,2015
9,New York,0400000US36,15921937,2722,9254578,14601,829141,7210,23559,880,5814659,13778,36,2015
10,North Carolina,0400000US37,7812594,2128,4372773,11414,453420,6080,82915,1801,2903486,10312,37,2015
11,North Dakota,0400000US38,575611,547,387716,1820,11464,663,5640,475,170791,1738,38,2015
12,Ohio,0400000US39,9229397,1987,5366673,9749,477251,4652,8300,461,3377173,8798,39,2015
13,Oklahoma,0400000US40,3003180,1017,1719541,4407,115978,1952,18542,673,1149119,4048,40,2015
14,Oregon,0400000US41,3177669,1384,1789807,6425,184016,3981,2491,372,1201355,5151,41,2015
15,Pennsylvania,0400000US42,10384811,2020,6001889,11007,514993,4877,4877,392,3863052,10024,42,2015
16,Rhode Island,0400000US44,865174,614,518170,3085,48418,1582,3035,322,295551,2864,44,2015
17,South Carolina,0400000US45,3816548,1471,2075274,7519,217977,3486,30655,1082,1492642,7348,45,2015
18,South Dakota,0400000US46,657804,510,430853,1972,20220,844,2917,315,203814,1819,46,2015
19,Tennessee,0400000US47,5174955,1676,2888742,7662,266297,3774,17480,835,2002436,6960,47,2015
20,Texas,0400000US48,20241168,4295,12094262,15903,912068,8209,95458,2200,7139380,15112,48,2015
21,Vermont,0400000US50,519139,409,326732,1906,18957,906,473,132,172977,1865,50,2015
22,Utah,0400000US49,2096916,1127,1337646,4011,81870,1983,4184,490,673216,3508,49,2015
23,Virginia,0400000US51,6598956,2131,3990770,9377,276030,4649,109986,2113,2222170,7874,51,2015
24,Washington,0400000US53,5568640,1716,3259877,8378,277806,4003,48578,1352,1982379,7586,53,2015
25,West Virginia,0400000US54,1512183,1026,751252,4164,63341,1837,812,195,696778,3990,54,2015
26,Wisconsin,0400000US55,4583931,1252,2883390,6149,193763,2783,2504,315,1504274,5479,55,2015
27,Wyoming,0400000US56,456640,600,293949,1832,15002,826,2420,332,145269,1698,56,2015
28,Puerto Rico,0400000US72,2884153,1265,1063350,5546,235772,3935,1266,270,1583765,4969,72,2015
29,Alabama,0400000US01,3846845,1679,2022325,6345,207097,3167,12979,816,1604444,6881,01,2015
30,Alaska,0400000US02,565212,516,351108,2476,31285,1163,16684,707,166135,2160,02,2015
31,Arizona,0400000US04,5207123,1676,2813406,7893,275712,3860,17206,938,2100799,8647,04,2015
32,Arkansas,0400000US05,2328384,1298,1256081,5363,104943,2439,4767,521,962593,5368,05,2015
33,California,0400000US06,30312429,3888,17246360,16422,1891081,9738,132008,2424,11042980,16892,06,2015
34,Colorado,0400000US08,4168824,1477,2624436,6429,195578,3191,32425,1108,1316385,5594,08,2015
35,Delaware,0400000US10,744949,682,433816,2431,36223,1425,2968,344,271942,2400,10,2015
36,District of Columbia,0400000US11,546805,338,337815,2160,35811,1360,3446,283,169733,2054,11,2015
37,Connecticut,0400000US09,2906229,1192,1781417,5291,172292,2718,8461,458,944059,5060,09,2015
38,Florida,0400000US12,16077778,3448,8541291,17071,915976,6814,53414,1839,6567097,17026,12,2015
39,Georgia,0400000US13,7792052,2420,4388274,10737,468932,6051,49052,1715,2885794,10867,13,2015
40,Idaho,0400000US16,1232564,1008,715861,3976,55312,1628,3353,454,458038,3905,16,2015
41,Hawaii,0400000US15,1130491,829,653284,3708,42288,1537,41367,1046,393552,3103,15,2015
42,Illinois,0400000US17,10201787,2599,6086226,11241,608516,5896,17420,765,3489625,10294,17,2015
43,Indiana,0400000US18,5160786,1831,3038762,7192,258739,4350,3030,473,1860255,6208,18,2015
44,Iowa,0400000US19,2447401,1027,1573510,4291,81735,1961,1723,281,790433,3645,19,2015
45,Kansas,0400000US20,2247842,1271,1401197,4335,88454,1906,17429,849,740762,3890,20,2015
46,Kentucky,0400000US21,3493098,1623,1891381,6734,174308,2703,14748,574,1412661,6214,21,2015
47,Louisiana,0400000US22,3634163,1380,2016049,6304,178150,3612,14670,810,1425294,6366,22,2015
48,Maine,0400000US23,1098075,647,648687,2995,47497,1770,1729,297,400162,2762,23,2015
49,Maryland,0400000US24,4737405,1416,2976504,5512,238027,3541,26691,1155,1496183,5999,24,2015
50,Massachusetts,0400000US25,5479502,1434,3415975,8786,280164,4046,4562,488,1778801,7950,25,2015
51,Michigan,0400000US26,7925988,1823,4373518,9697,477746,4500,3741,377,3070983,7824,26,2015
52,Minnesota,0400000US27,4281141,1438,2827195,4904,167764,2904,2026,273,1284156,4375,27,2015
1,Mississippi,0400000US28,2338750,1333,1212650,5665,128840,2473,10307,678,986953,5802,28,2016
2,Missouri,0400000US29,4823223,1778,2835183,7328,200143,3203,19699,748,1768198,7114,29,2016
3,Montana,0400000US30,822530,631,490742,2419,29382,1175,3475,330,298931,2227,30,2016
4,Nebraska,0400000US31,1463872,938,977353,2744,42544,1479,4840,402,439135,2622,31,2016
5,Nevada,0400000US32,2248477,1142,1302162,5346,133525,2592,7934,680,804856,4516,32,2016
6,New Hampshire,0400000US33,1094783,662,706801,3421,37727,1335,1675,249,348580,2962,33,2016
7,New Jersey,0400000US34,7143654,1926,4322619,8295,368870,5149,8124,580,2444041,8344,34,2016
8,New Mexico,0400000US35,1637594,1031,876210,3763,81175,2452,8992,653,671217,3819,35,2016
9,New York,0400000US36,15964950,2760,9340878,16014,759224,6962,22976,937,5841872,14776,36,2016
10,North Carolina,0400000US37,7907915,2235,4460824,9406,404584,5373,82857,2039,2959650,8745,37,2016
11,North Dakota,0400000US38,585370,562,395584,1821,11250,667,6097,512,172439,1473,38,2016
12,Ohio,0400000US39,9255859,1940,5425647,11813,423956,5337,8117,601,3398139,10130,39,2016
13,Oklahoma,0400000US40,3025259,962,1733000,3688,110120,2114,18115,698,1164024,3924,40,2016
14,Oregon,0400000US41,3219754,1271,1832620,6029,160797,3347,2520,328,1223817,5818,41,2016
15,Pennsylvania,0400000US42,10402780,2150,6043693,11358,468440,4969,4782,456,3885865,10596,42,2016
16,Rhode Island,0400000US44,868361,663,520482,2776,43600,1494,3203,310,301076,2914,44,2016
17,South Carolina,0400000US45,3871553,1683,2129323,7181,194454,3558,30595,1152,1517181,6572,45,2016
18,South Dakota,0400000US46,663635,515,434693,2255,18636,920,2607,300,207699,2321,46,2016
19,Tennessee,0400000US47,5222438,2062,2937131,8232,238372,3774,17933,933,2029002,7466,47,2016
20,Texas,0400000US48,20599223,3935,12371392,16258,848131,7220,92754,2086,7286946,16299,48,2016
21,Vermont,0400000US50,520197,418,327237,1707,17087,700,406,110,175467,1726,50,2016
22,Utah,0400000US49,2136930,1014,1374146,4534,73114,1914,4079,420,685591,4437,49,2016
23,Virginia,0400000US51,6653111,1976,4036456,7723,255340,3468,111328,2393,2249987,7558,51,2016
24,Washington,0400000US53,5647697,1566,3331321,7161,244692,3813,47291,1282,2024393,6902,53,2016
25,West Virginia,0400000US54,1509212,803,750412,4063,61215,1831,853,194,696732,3699,54,2016
26,Wisconsin,0400000US55,4603725,1267,2910339,5714,169426,2892,2421,286,1521539,5457,55,2016
27,Wyoming,0400000US56,459198,675,293598,2059,15118,861,2388,308,148094,1890,56,2016
28,Puerto Rico,0400000US72,2863657,1324,1055106,5907,226880,3700,1204,245,1580467,5719,72,2016
29,Alabama,0400000US01,3864302,1378,2042025,7394,184479,3250,12150,727,1625648,7869,01,2016
30,Alaska,0400000US02,568732,603,353954,2158,30139,1298,16382,803,168257,2113,02,2016
31,Arizona,0400000US04,5290839,1502,2879372,8055,249972,4373,17373,865,2144122,7479,04,2016
32,Arkansas,0400000US05,2339307,1242,1266552,6050,93190,2398,4445,432,975120,5070,05,2016
33,California,0400000US06,30565746,3893,17577142,19377,1683726,11744,130452,2163,11174426,20900,06,2016
34,Colorado,0400000US08,4245559,1423,2692529,5342,171695,2760,33135,1104,1348200,4512,08,2016
35,Delaware,0400000US10,753039,642,438292,2927,33669,1246,2860,367,278218,2774,10,2016
36,District of Columbia,0400000US11,554780,405,348225,2235,33326,1360,3505,253,169724,1986,11,2016
37,Connecticut,0400000US09,2911925,1254,1793688,5354,155005,3002,8367,492,954865,4917,09,2016
38,Florida,0400000US12,16339299,3200,8755427,17050,802016,7479,56151,1972,6725705,17654,12,2016
39,Georgia,0400000US13,7882965,2268,4489112,10286,419113,5234,48862,1403,2925878,10240,13,2016
40,Idaho,0400000US16,1251275,1073,731170,3499,48385,1726,3459,447,468261,3846,16,2016
41,Hawaii,0400000US15,1137804,720,664616,3419,38768,1465,38777,927,395643,2813,15,2016
42,Illinois,0400000US17,10206768,2178,6134121,10595,545635,5313,17244,1014,3509768,9972,17,2016
43,Indiana,0400000US18,5185793,1840,3085179,7712,228929,3888,2844,396,1868841,6857,18,2016
44,Iowa,0400000US19,2459591,1254,1587178,4377,75289,1717,1703,310,795421,3913,19,2016
45,Kansas,0400000US20,2255916,1065,1408918,4603,79000,1864,17329,758,750669,4168,20,2016
46,Kentucky,0400000US21,3511065,1703,1914189,6529,156509,2929,14735,659,1425632,5233,21,2016
47,Louisiana,0400000US22,3654913,1625,2025728,6954,168326,3564,15085,800,1445774,6770,22,2016
48,Maine,0400000US23,1101688,634,652638,3365,41620,1435,1770,287,405660,3073,23,2016
49,Maryland,0400000US24,4764901,1666,3005753,6246,216086,3171,28072,929,1514990,5808,24,2016
50,Massachusetts,0400000US25,5522235,1478,3468864,7635,252347,3487,4627,608,1796397,7020,25,2016
51,Michigan,0400000US26,7953581,1485,4449717,8816,412934,4628,3718,400,3087212,8113,26,2016
52,Minnesota,0400000US27,4311636,1291,2864441,5407,145853,2469,2228,305,1299114,4440,27,2016
1,Mississippi,0400000US28,2341439,1355,1221828,5407,117786,2553,10250,674,991575,5294,28,2017
2,Missouri,0400000US29,4844505,1670,2867393,8173,175919,3395,19345,745,1781848,7602,29,2017
3,Montana,0400000US30,828198,737,497995,2423,25076,1021,3317,311,301810,2277,30,2017
4,Nebraska,0400000US31,1474713,696,987216,2692,38881,1434,4908,463,443708,2295,31,2017
5,Nevada,0400000US32,2292486,1073,1341358,4560,116285,2294,7677,555,827166,4567,32,2017
6,New Hampshire,0400000US33,1102267,646,713424,3302,33566,1236,1789,259,353488,3134,33,2017
7,New Jersey,0400000US34,7197215,1833,4388024,8037,328167,4704,8051,561,2472973,7598,34,2017
8,New Mexico,0400000US35,1643708,1065,879201,4351,73710,1872,9212,550,681585,4298,35,2017
9,New York,0400000US36,16080981,2474,9467631,14193,685368,6662,23203,969,5904779,13677,36,2017
10,North Carolina,0400000US37,8021719,2020,4571020,9677,352287,4558,96524,1895,3001888,9648,37,2017
11,North Dakota,0400000US38,592279,522,400454,2030,11085,720,6354,470,174386,1805,38,2017
12,Ohio,0400000US39,9290812,2387,5488180,11015,378735,5496,8340,613,3415557,10415,39,2017
13,Oklahoma,0400000US40,3043261,1111,1746419,4912,105375,1991,17249,775,1174218,4548,40,2017
14,Oregon,0400000US41,3260075,1264,1885983,5486,138139,3084,2625,364,1233328,4904,41,2017
15,Pennsylvania,0400000US42,10419971,2171,6096977,11665,422016,4324,4673,438,3896305,10146,42,2017
16,Rhode Island,0400000US44,871329,643,526071,3220,38634,1296,3315,257,303309,3112,44,2017
17,South Carolina,0400000US45,3926466,1529,2181046,7467,170257,3061,30597,1070,1544566,6997,45,2017
18,South Dakota,0400000US46,666450,510,438339,2243,17018,770,2666,296,208427,2238,46,2017
19,Tennessee,0400000US47,5270257,2135,2996610,7814,210756,3239,18183,952,2044708,8206,47,2017
20,Texas,0400000US48,20998008,3902,12689069,16147,784888,7682,91081,1847,7432970,15468,48,2017
21,Vermont,0400000US50,520031,418,327264,1811,14969,784,412,102,177386,1837,50,2017
22,Utah,0400000US49,2179088,1207,1412214,4979,64314,1725,4129,392,698431,4857,49,2017
23,Virginia,0400000US51,6708391,2019,4084035,9033,236648,3816,110817,2167,2276891,8621,51,2017
24,Washington,0400000US53,5734852,1536,3418123,7463,218821,3470,48875,1274,2049033,7753,53,2017
25,West Virginia,0400000US54,1503051,929,746958,4218,57659,1496,1110,234,697324,4153,54,2017
26,Wisconsin,0400000US55,4618274,1040,2939880,6150,145271,2447,2568,285,1530555,5157,55,2017
27,Wyoming,0400000US56,459782,682,293633,2356,14459,777,2656,314,149034,2060,56,2017
28,Puerto Rico,0400000US72,2836284,1355,1040136,6456,220597,3385,1487,302,1574064,6188,72,2017
29,Alabama,0400000US01,3876136,1541,2055509,6783,165391,3026,12309,808,1642927,7303,01,2017
30,Alaska,0400000US02,571453,613,354045,1983,29548,992,17029,660,170831,2137,02,2017
31,Arizona,0400000US04,5371341,1743,2953891,7521,225911,3543,17314,928,2174225,6965,04,2017
32,Arkansas,0400000US05,2351061,1508,1276536,4915,85128,2666,4438,442,984959,4548,05,2017
33,California,0400000US06,30910058,4537,17993915,18456,1491146,8868,127716,2206,11297281,19412,06,2017
34,Colorado,0400000US08,4320213,1579,2760076,5660,152856,2344,33422,1134,1373859,4855,08,2017
35,Delaware,0400000US10,762704,707,441513,2776,30245,1221,3016,345,287930,2507,10,2017
36,District of Columbia,0400000US11,564615,403,357701,2169,31279,1318,3441,315,172194,2158,11,2017
37,Connecticut,0400000US09,2928091,1176,1805086,5573,140712,2852,8566,559,973727,5280,09,2017
38,Florida,0400000US12,16645386,3527,9018570,16488,699117,7286,55075,1695,6872624,16244,12,2017
39,Georgia,0400000US13,7985333,2817,4606329,10137,372581,4720,47396,1665,2959027,10604,13,2017
40,Idaho,0400000US16,1271362,1113,748658,3516,42328,1633,3676,467,476700,3078,16,2017
41,Hawaii,0400000US15,1145914,597,671758,3189,34380,1314,40302,1095,399474,2950,15,2017
42,Illinois,0400000US17,10237883,1905,6181653,11428,491310,5023,17232,767,3547688,9587,17,2017
43,Indiana,0400000US18,5216340,1700,3124295,7633,202199,3066,2878,395,1886968,6891,18,2017
44,Iowa,0400000US19,2470612,1155,1599718,3937,69018,1829,1712,290,800164,3385,19,2017
45,Kansas,0400000US20,2264633,1016,1420045,4304,71009,1958,18430,775,755149,4006,20,2017
46,Kentucky,0400000US21,3526066,1709,1938150,6726,140717,2335,14705,634,1432494,5805,21,2017
47,Louisiana,0400000US22,3674007,1712,2031238,6531,157186,3055,15631,725,1469952,6456,22,2017
48,Maine,0400000US23,1104528,746,658693,3022,36790,1200,1859,297,407186,2910,23,2017
49,Maryland,0400000US24,4800851,1299,3040792,6119,198375,3190,27902,1170,1533782,6406,24,2017
50,Massachusetts,0400000US25,5576176,1451,3525672,7336,224856,3140,4953,508,1820695,6829,25,2017
51,Michigan,0400000US26,7985908,1654,4524874,8544,361624,4295,3844,385,3095566,7520,26,2017
52,Minnesota,0400000US27,4347413,1210,2904103,5562,130510,2428,2083,306,1310717,5062,27,2017
1,Mississippi,0400000US28,2350291,1237,1228537,6579,110036,2962,10767,757,1000951,6486,28,2018
2,Missouri,0400000US29,4864065,1668,2888094,7279,155958,3217,18444,829,1801569,6890,29,2018
3,Montana,0400000US30,838808,622,507249,2934,22433,946,3172,313,305954,2775,30,2018
4,Nebraska,0400000US31,1483161,874,993836,3343,36545,1153,5229,416,447551,2964,31,2018
5,Nevada,0400000US32,2322826,992,1370603,5233,101748,2436,7931,594,842544,5160,32,2018
6,New Hampshire,0400000US33,1114817,733,724017,3050,30392,1273,1830,297,358578,2811,33,2018
7,New Jersey,0400000US34,7142175,1961,4390602,8968,285084,4204,8426,624,2458063,9168,34,2018
8,New Mexico,0400000US35,1655769,1051,882735,4295,68370,1779,9461,703,695203,4033,35,2018
9,New York,0400000US36,15951997,3114,9445023,16653,602636,5934,22479,957,5881859,16009,36,2018
10,North Carolina,0400000US37,8124899,2216,4665822,9863,312610,4656,93073,1739,3053394,10103,37,2018
11,North Dakota,0400000US38,595742,569,400841,2200,11689,913,6074,425,177138,1933,38,2018
12,Ohio,0400000US39,9332790,2246,5549577,9628,343232,4748,8498,589,3431483,8402,39,2018
13,Oklahoma,0400000US40,3063396,1117,1761328,3895,99087,1888,17891,838,1185090,3608,40,2018
14,Oregon,0400000US41,3313374,1236,1934643,5800,123485,2696,2907,372,1252339,5819,41,2018
15,Pennsylvania,0400000US42,10432506,2037,6151998,12061,379765,5039,5083,442,3895660,10743,42,2018
16,Rhode Island,0400000US44,873369,608,527972,3037,34479,1259,3546,306,307372,2796,44,2018
17,South Carolina,0400000US45,3985183,1522,2227307,7946,153242,3477,31434,1113,1573200,7254,45,2018
18,South Dakota,0400000US46,673638,570,442773,2266,16252,826,2725,336,211888,2146,46,2018
19,Tennessee,0400000US47,5321857,1695,3047809,8707,191544,3431,18045,979,2064459,7908,47,2018
20,Texas,0400000US48,21394120,3908,12985624,17411,743006,7915,89701,2259,7575789,17146,48,2018
21,Vermont,0400000US50,521723,435,328742,1832,13878,743,548,136,178555,1895,50,2018
22,Utah,0400000US49,2224253,1136,1452040,4238,58958,2079,3940,504,709315,4060,49,2018
23,Virginia,0400000US51,6756219,2090,4118723,8057,217670,4125,114513,2235,2305313,7748,51,2018
24,Washington,0400000US53,5843155,1574,3513856,6919,198330,3629,48850,1425,2082119,6190,53,2018
25,West Virginia,0400000US54,1499244,1010,742615,4345,53750,2014,1058,219,701821,4110,54,2018
26,Wisconsin,0400000US55,4639447,1100,2964540,5982,124792,2443,2998,363,1547117,5552,55,2018
27,Wyoming,0400000US56,458979,576,290963,2021,13685,941,2837,375,151494,1845,56,2018
28,Puerto Rico,0400000US72,2793000,1487,1028500,5867,209950,3543,1583,293,1552967,5581,72,2018
29,Alabama,0400000US01,3894696,1458,2076708,7503,147898,3501,12558,734,1657532,6487,01,2018
30,Alaska,0400000US02,571528,513,351152,1873,28067,1191,17134,744,175175,1852,02,2018
31,Arizona,0400000US04,5498826,1638,3045978,9071,210214,3316,18334,797,2224300,8591,04,2018
32,Arkansas,0400000US05,2364108,1331,1292263,6408,75774,2163,4322,416,991749,6302,05,2018
33,California,0400000US06,31109195,3509,18309012,21745,1321502,10823,127777,2319,11350904,23795,06,2018
34,Colorado,0400000US08,4409148,1623,2839374,6507,139326,2465,33612,1267,1396836,6162,08,2018
35,Delaware,0400000US10,769793,600,450946,2671,28501,1209,3176,400,287170,2700,10,2018
36,District of Columbia,0400000US11,573275,457,369194,2358,29373,1256,3173,311,171535,2357,11,2018
37,Connecticut,0400000US09,2924591,1230,1810445,5049,125909,2445,8489,480,979748,4962,09,2018
38,Florida,0400000US12,16932309,3606,9253932,18237,622978,6448,54889,1825,7000510,18011,12,2018
39,Georgia,0400000US13,8082220,2829,4721065,11269,322854,4767,47213,1731,2991088,10719,13,2018
40,Idaho,0400000US16,1298537,1059,768701,3360,37672,1646,4057,469,488107,3019,16,2018
41,Hawaii,0400000US15,1147445,656,677446,3469,32036,1177,40045,902,397918,2946,15,2018
42,Illinois,0400000US17,10234674,2318,6225964,11788,437139,4998,16894,886,3554677,10716,17,2018
43,Indiana,0400000US18,5243518,1899,3164414,7526,180969,2815,3094,479,1895041,7003,18,2018
44,Iowa,0400000US19,2484354,1190,1609481,4666,65216,1805,1642,256,808015,4350,19,2018
45,Kansas,0400000US20,2272565,1193,1428660,4737,65038,1906,18007,757,760860,4218,20,2018
46,Kentucky,0400000US21,3542792,1660,1959442,6059,128358,2663,14088,633,1440904,5369,21,2018
47,Louisiana,0400000US22,3677980,1673,2031115,7130,149850,2864,16076,774,1480939,7351,22,2018
48,Maine,0400000US23,1109357,695,665188,2989,32203,1205,1789,283,410177,2958,23,2018
49,Maryland,0400000US24,4809210,1461,3051333,6255,181089,2853,29233,1092,1547555,6416,24,2018
50,Massachusetts,0400000US25,5619991,1584,3570257,8657,203464,3666,4921,478,1841349,7792,25,2018
51,Michigan,0400000US26,8027949,1878,4598487,8551,321008,3957,3821,349,3104633,7999,26,2018
52,Minnesota,0400000US27,4379008,1133,2931458,5963,119218,2591,2329,357,1326003,5349,27,2018
1,Alabama,0400000US01,3907144,1628,2097384,8132,132095,3186,13306,822,1664359,8165,01,2019
2,Alaska,0400000US02,571681,527,347774,2307,26808,1257,17756,768,179343,2228,02,2019
3,Arizona,0400000US04,5600921,1801,3130658,8087,195905,3326,19592,934,2254766,7861,04,2019
4,Arkansas,0400000US05,2374747,1066,1303490,5992,70481,1759,4751,491,996025,5644,05,2019
5,California,0400000US06,31284669,4066,18591241,17513,1199233,8353,131073,2515,11363122,17885,06,2019
6,Colorado,0400000US08,4489308,1555,2904589,6577,131371,3159,33671,1283,1419677,6172,08,2019
7,Delaware,0400000US10,777026,593,455620,2729,26481,1306,3432,438,291493,2683,10,2019
8,District of Columbia,0400000US11,579127,459,376871,2518,27967,1461,3066,296,171223,2282,11,2019
9,Connecticut,0400000US09,2924968,1138,1815636,5643,116456,2155,8733,501,984143,5442,09,2019
10,Florida,0400000US12,17201999,3131,9495353,17071,561448,6765,59225,2124,7085973,16163,12,2019
11,Georgia,0400000US13,8187263,2737,4834622,11248,290560,4651,49356,1514,3012725,10156,13,2019
12,Idaho,0400000US16,1327132,1059,792237,3988,35879,1514,4170,517,494846,3753,16,2019
13,Hawaii,0400000US15,1149147,679,680258,3100,30269,1220,41537,1051,397083,2791,15,2019
14,Illinois,0400000US17,10215498,2116,6250862,11643,394981,5339,17674,785,3551981,9834,17,2019
15,Indiana,0400000US18,5273902,1840,3202509,7919,161351,3232,3661,439,1906381,7634,18,2019
16,Iowa,0400000US19,2492793,1428,1613902,4945,62573,1740,1666,275,814652,4444,19,2019
17,Kansas,0400000US20,2278846,1204,1440453,5106,61002,1800,18335,798,759056,4058,20,2019
18,Kentucky,0400000US21,3553869,1687,1978477,7573,116945,2685,13747,581,1444700,6524,21,2019
19,Louisiana,0400000US22,3682698,1674,2033758,7031,141020,3538,17212,954,1490708,6889,22,2019
20,Maine,0400000US23,1114049,637,670417,2951,28922,1185,1931,319,412779,3031,23,2019
21,Maryland,0400000US24,4827204,1427,3073886,6745,164396,3095,30952,1051,1557970,5721,24,2019
22,Massachusetts,0400000US25,5648105,1533,3612375,8394,183355,3273,5201,423,1847174,7867,25,2019
23,Michigan,0400000US26,8049769,1722,4654930,9154,293894,3924,4179,456,3096766,7598,26,2019
24,Minnesota,0400000US27,4410576,1387,2958615,6139,111115,2186,2514,319,1338332,5207,27,2019
25,Mississippi,0400000US28,2354101,1361,1235224,6578,99733,2726,11721,674,1007423,6272,28,2019
26,Missouri,0400000US29,4881733,1771,2916000,7298,139789,2990,18850,999,1807094,6900,29,2019
27,Montana,0400000US30,847280,756,512329,2791,21513,1072,3030,303,310408,2501,30,2019
28,Nebraska,0400000US31,1491786,788,999212,3163,34535,1268,5751,504,452288,2633,31,2019
29,Nevada,0400000US32,2366398,1250,1406568,4974,92426,2090,8393,604,859011,4858,32,2019
30,New Hampshire,0400000US33,1121659,767,729701,2724,27430,1238,1950,348,362578,2667,33,2019
31,New Jersey,0400000US34,7148309,1739,4422491,9616,258093,4475,9265,708,2458460,8939,34,2019
32,New Mexico,0400000US35,1661646,1236,888646,4982,63458,2182,9895,763,699647,4900,35,2019
33,New York,0400000US36,15936244,2611,9498320,13893,547509,5409,23390,1003,5867025,14616,36,2019
34,North Carolina,0400000US37,8233448,2680,4764135,10350,281344,4599,94310,2175,3093659,10233,37,2019
35,North Dakota,0400000US38,598271,557,402322,2139,11406,683,6563,476,177980,1998,38,2019
36,Ohio,0400000US39,9356584,2453,5595444,11683,314483,4294,8544,635,3438113,10107,39,2019
37,Oklahoma,0400000US40,3080177,1023,1772123,5180,94834,1920,18971,750,1194249,4828,40,2019
38,Oregon,0400000US41,3361188,1337,1979043,6663,114559,2435,3090,573,1264496,6469,41,2019
39,Pennsylvania,0400000US42,10442963,2240,6199456,10779,347378,4218,6555,534,3889574,9340,42,2019
40,Rhode Island,0400000US44,876019,724,533878,3084,30455,1492,3593,326,308093,3104,44,2019
41,South Carolina,0400000US45,4044398,1604,2275531,7614,139526,3330,32797,1395,1596544,7388,45,2019
42,South Dakota,0400000US46,679043,712,443891,2385,15736,880,2663,301,216753,2060,46,2019
43,Tennessee,0400000US47,5377153,1904,3109872,9003,172799,3618,18830,906,2075652,7698,47,2019
44,Texas,0400000US48,21736238,4040,13253631,17657,708827,7903,93394,2346,7680386,18115,48,2019
45,Vermont,0400000US50,522206,389,329028,1912,12323,706,581,142,180274,1846,50,2019
46,Utah,0400000US49,2273074,1158,1497354,4401,55539,1701,4322,424,715859,4058,49,2019
47,Virginia,0400000US51,6799060,1966,4156018,8083,200850,2731,120385,2158,2321807,8027,51,2019
48,Washington,0400000US53,5941281,1615,3594279,8501,187330,3650,52871,1316,2106801,7685,53,2019
49,West Virginia,0400000US54,1491316,918,740910,4607,51910,1900,1306,257,697190,4124,54,2019
50,Wisconsin,0400000US55,4659582,1346,2982359,5381,111564,2122,3190,404,1562469,5000,55,2019
51,Wyoming,0400000US56,459282,693,288503,2006,13544,759,2957,335,154278,2028,56,2019
52,Puerto Rico,0400000US72,2759025,1505,1028513,6045,196934,3950,1845,368,1531733,5999,72,2019
1,Arkansas,0400000US05,2388169,1462,1309748,6125,71704,2426,5306,617,1001411,6045,05,2020
2,Washington,0400000US53,6038812,1790,3660034,8364,188562,3378,56400,1744,2133816,8158,53,2020
3,Kansas,0400000US20,2285921,1417,1444074,4633,61359,1876,17916,983,762572,4454,20,2020
4,Oklahoma,0400000US40,3097358,1129,1779157,6719,95441,2299,19275,1010,1203485,6042,40,2020
5,Wisconsin,0400000US55,4682533,1281,2983277,6694,109854,2751,3387,409,1586015,5663,55,2020
6,Mississippi,0400000US28,2357026,1530,1243095,6496,95379,3362,13221,909,1005331,5887,28,2020
7,Missouri,0400000US29,4903578,1548,2932918,7638,138673,2974,18662,1309,1813325,7477,29,2020
8,Michigan,0400000US26,8070619,2089,4658357,10303,298142,4388,4555,504,3109565,9310,26,2020
9,Rhode Island,0400000US44,878121,688,535140,3884,31263,1680,4164,472,307554,3535,44,2020
10,Minnesota,0400000US27,4444556,1256,2957615,5895,117117,2543,3607,535,1366217,5418,27,2020
11,Iowa,0400000US19,2504540,1329,1611524,4809,65738,1809,2178,376,825100,4570,19,2020
12,New Mexico,0400000US35,1672029,1118,889193,4919,62580,2364,11034,832,709222,4331,35,2020
13,Nevada,0400000US32,2419552,1285,1425040,5593,100222,3671,9409,766,884881,4802,32,2020
14,Delaware,0400000US10,787102,664,456872,3867,28334,1839,4119,614,297777,3558,10,2020
15,Puerto Rico,0400000US72,2728839,1160,1026380,6407,182171,3523,2374,455,1517914,6396,72,2020
16,Kentucky,0400000US21,3567512,1833,1993889,7558,113295,3070,14172,591,1446156,6390,21,2020
17,South Dakota,0400000US46,686885,694,447607,2110,16281,1031,2685,316,220312,2096,46,2020
18,Tennessee,0400000US47,5437242,1879,3147330,9016,177361,3809,19227,1152,2093324,7805,47,2020
19,Pennsylvania,0400000US42,10456049,2462,6206839,12987,351248,5767,8039,815,3889923,11624,42,2020
20,California,0400000US06,31403964,4410,18646894,21848,1229079,9993,140982,3260,11387009,19707,06,2020
21,West Virginia,0400000US54,1485332,1077,744272,4563,52031,2040,1905,458,687124,4647,54,2020
22,Utah,0400000US49,2325169,1488,1537623,4673,57829,2294,5010,556,724707,4996,49,2020
23,New York,0400000US36,15908940,3207,9438639,15308,570570,7706,23512,1116,5876219,15715,36,2020
24,District of Columbia,0400000US11,586181,521,382108,2738,29290,1891,2998,364,171785,2430,11,2020
25,Alaska,0400000US02,572684,523,341492,2600,26429,1151,18866,868,185897,2427,02,2020
26,Florida,0400000US12,17486583,3571,9684712,18908,556113,7966,67243,2287,7178515,18198,12,2020
27,South Carolina,0400000US45,4111745,1756,2312831,8614,135484,3460,35787,1772,1627643,8268,45,2020
28,North Dakota,0400000US38,599849,659,401579,2196,12861,969,7296,576,178113,2070,38,2020
29,Maine,0400000US23,1120778,704,675784,3429,28442,1298,1994,383,414558,3258,23,2020
30,Georgia,0400000US13,8296817,3182,4910269,11947,291506,5161,53208,1934,3041834,11640,13,2020
31,Alabama,0400000US01,3926842,1888,2119986,7366,125343,3022,14651,1068,1666862,7202,01,2020
32,New Hampshire,0400000US33,1130008,762,730223,3416,28479,1378,2305,404,369001,3072,33,2020
33,Oregon,0400000US41,3408422,1703,2014487,7246,116297,3197,3651,626,1273987,6980,41,2020
34,Wyoming,0400000US56,461417,686,287375,2514,13222,959,3359,473,157461,2211,56,2020
35,Arizona,0400000US04,5720956,2248,3215843,9058,199358,4365,21281,1093,2284474,8790,04,2020
36,Louisiana,0400000US22,3688107,1629,2023915,9122,142088,3783,19168,1095,1502936,8320,22,2020
37,Indiana,0400000US18,5306367,2223,3219679,10059,159865,3827,3821,485,1923002,9303,18,2020
38,Idaho,0400000US16,1360062,1320,818085,4297,35955,2030,4550,482,501472,3880,16,2020
39,Connecticut,0400000US09,2927839,1506,1807525,5991,116234,2918,9386,654,994694,5895,09,2020
40,Hawaii,0400000US15,1148836,728,674453,3556,32187,1482,43710,1157,398486,3000,15,2020
41,Illinois,0400000US17,10193604,2843,6236755,11868,395142,5932,18136,936,3543571,10748,17,2020
42,Massachusetts,0400000US25,5678025,2017,3615725,7973,193769,3937,5589,680,1862942,7237,25,2020
43,Texas,0400000US48,22078090,4615,13461358,22739,752884,9876,94824,2548,7769024,23000,48,2020
44,Montana,0400000US30,859185,719,520043,2591,22541,1220,3045,364,313556,2734,30,2020
45,Nebraska,0400000US31,1500813,929,999772,3646,35114,1468,5877,487,460050,3218,31,2020
46,Ohio,0400000US39,9385593,2526,5603630,12708,313829,5496,9728,715,3458406,11289,39,2020
47,Colorado,0400000US08,4568027,1544,2937047,6847,142722,3168,35985,1565,1452273,6535,08,2020
48,New Jersey,0400000US34,7161184,2262,4426619,10521,271795,3868,10692,887,2452078,10034,34,2020
49,Maryland,0400000US24,4846076,1594,3076280,6750,167571,3895,32103,1699,1570122,6530,24,2020
50,Virginia,0400000US51,6849454,2535,4179739,11030,202745,3863,126202,2586,2340768,8656,51,2020
51,Vermont,0400000US50,523065,420,328642,2327,12845,853,753,190,180825,2198,50,2020
52,North Carolina,0400000US37,8352255,2418,4833887,12025,278344,5101,98369,2235,3141655,12200,37,2020
1,Alabama,0400000US01,4005499,1780,2173597,8587,124416,3443,15603,1127,1691883,9003,01,2021
2,Alaska,0400000US02,572165,495,338664,2500,25054,1280,20077,931,188370,2102,02,2021
3,Arizona,0400000US04,5650624,2102,3210791,7197,191115,3619,22287,1167,2226431,7444,04,2021
4,Arkansas,0400000US05,2382255,1257,1310863,6350,73733,2564,5777,666,991882,5996,05,2021
5,California,0400000US06,31499704,4287,18676721,21726,1303741,10259,148700,3406,11370542,23055,06,2021
6,Colorado,0400000US08,4606399,1807,2975830,8656,145038,3206,36792,1383,1448739,7918,08,2021
7,Connecticut,0400000US09,2954661,1382,1822995,6801,117631,3336,9381,673,1004654,5885,09,2021
8,Delaware,0400000US10,798798,779,464457,3408,27993,1469,4354,636,301994,3460,10,2021
9,District of Columbia,0400000US11,568405,559,373967,2650,28493,1570,3191,357,162754,2477,11,2021
10,Florida,0400000US12,17577024,3962,9824911,19618,552125,7541,71254,2599,7128734,20443,12,2021
11,Georgia,0400000US13,8385039,3263,4983753,13339,290843,5368,55268,2241,3055175,12861,13,2021
12,Hawaii,0400000US15,1174511,707,680301,3917,37152,1373,47348,1245,409710,3901,15,2021
13,Idaho,0400000US16,1405245,1187,847426,4684,35633,1859,4918,617,517268,4624,16,2021
14,Illinois,0400000US17,10275978,2858,6273473,14871,413041,6328,18670,927,3570794,12424,17,2021
15,Indiana,0400000US18,5343229,2139,3250923,9413,160490,3905,4758,745,1927058,9048,18,2021
16,Iowa,0400000US19,2523649,1319,1620796,5425,65900,2598,2642,458,834311,5291,19,2021
17,Kansas,0400000US20,2299477,1221,1450216,5371,61847,1997,18367,1031,769047,5233,20,2021
18,Kentucky,0400000US21,3588209,1829,2009185,7790,112695,3184,14108,638,1452221,7832,21,2021
19,Louisiana,0400000US22,3679521,1956,2013907,8533,146299,3748,19503,1022,1499812,9499,22,2021
20,Maine,0400000US23,1134793,663,681187,3652,30163,1406,1871,324,421572,3369,23,2021
21,Maryland,0400000US24,4931565,2050,3120977,8768,175507,3582,33795,1588,1601286,8019,24,2021
22,Massachusetts,0400000US25,5773906,1782,3667019,9319,209959,4919,5506,645,1891422,8156,25,2021
23,Michigan,0400000US26,8136493,2044,4692409,10465,310551,5949,4946,518,3128587,9528,26,2021
24,Minnesota,0400000US27,4495952,1624,2980477,6240,125307,2941,4029,622,1386139,6051,27,2021
25,Mississippi,0400000US28,2344417,1377,1240790,6305,91177,3055,13071,835,999379,5897,28,2021
26,Missouri,0400000US29,4910777,1883,2945966,7379,138820,3178,19409,1109,1806582,6863,29,2021
27,Montana,0400000US30,872599,815,526641,3088,22303,1119,3200,307,320455,3021,30,2021
28,Nebraska,0400000US31,1519415,980,1011989,3360,34474,1491,5903,497,467049,2938,31,2021
29,Nevada,0400000US32,2443108,1471,1429447,5211,109512,2680,10638,984,893511,4880,32,2021
30,New Hampshire,0400000US33,1144768,828,738506,3377,28947,1369,2340,541,374975,3146,33,2021
31,New Jersey,0400000US34,7436293,2491,4588902,10426,304973,5726,11161,841,2531257,10132,34,2021
32,New Mexico,0400000US35,1682568,1179,889428,5454,63136,2538,11896,854,718108,4959,35,2021
33,New York,0400000US36,16383427,3165,9663517,17911,642913,8293,25297,1104,6051700,15411,36,2021
34,North Carolina,0400000US37,8336531,3026,4845768,12624,273629,4652,100205,2079,3116929,10948,37,2021
35,North Dakota,0400000US38,607971,603,403612,2379,13152,881,7418,672,183789,2185,38,2021
36,Ohio,0400000US39,9449482,2215,5656463,12836,314406,5727,10776,796,3467837,10557,39,2021
37,Oklahoma,0400000US40,3094226,1213,1786742,5018,94856,2273,20999,995,1191629,5196,40,2021
38,Oregon,0400000US41,3434262,1459,2026107,6717,120586,2987,4121,586,1283448,6751,41,2021
39,Pennsylvania,0400000US42,10587037,2689,6295594,13911,367296,5204,8419,761,3915728,12376,42,2021
40,Rhode Island,0400000US44,906304,634,552707,3683,35428,1597,4331,487,313838,3560,44,2021
41,South Carolina,0400000US45,4097365,1952,2313378,8595,130624,3801,35688,1580,1617675,8298,45,2021
42,South Dakota,0400000US46,686625,721,448357,2227,14841,889,2982,326,220445,2024,46,2021
43,Tennessee,0400000US47,5504783,2072,3201140,9460,179568,4259,18573,1263,2105502,9385,47,2021
44,Texas,0400000US48,22261181,5258,13618630,22807,771586,9583,102600,2744,7768365,21123,48,2021
45,Utah,0400000US49,2391727,1423,1590143,5117,58170,1766,5505,615,737909,4933,49,2021
46,Vermont,0400000US50,537475,540,335239,2473,13668,727,912,213,187656,2321,50,2021
47,Virginia,0400000US51,6903607,2528,4219781,9555,202807,4129,130047,2310,2350972,9437,51,2021
48,Washington,0400000US53,6120915,1941,3701656,8862,198259,4228,58657,1958,2162343,7340,53,2021
49,West Virginia,0400000US54,1478714,1081,736088,3993,50277,1910,2068,457,690281,4097,54,2021
50,Wisconsin,0400000US55,4731836,1449,3014612,6500,109017,2685,3733,490,1604474,6129,55,2021
51,Wyoming,0400000US56,457128,608,284934,2179,12464,880,3435,444,156295,1907,56,2021
52,Puerto Rico,0400000US72,2797936,1321,1055843,7087,180168,4347,2868,525,1559057,6220,72,2021
1,Alabama,0400000US01,4046614,2035,2209666,9114,120030,3756,15390,1107,1701528,8824,01,2022
2,Alaska,0400000US02,573998,602,339162,2259,23035,1247,20881,1047,190920,1964,02,2022
3,Arizona,0400000US04,5764417,1806,3281189,9302,186058,4057,22783,1189,2274387,7877,04,2022
4,Arkansas,0400000US05,2402462,1327,1319483,6785,71601,2353,5991,683,1005387,6707,05,2022
5,California,0400000US06,31601862,5382,18729798,21331,1282055,10392,156809,3427,11433200,21423,06,2022
6,Colorado,0400000US08,4675060,1776,3021742,8144,143483,3239,40188,1288,1469647,7402,08,2022
7,Connecticut,0400000US09,2961491,1447,1832525,7444,115050,3412,7766,607,1006150,6640,09,2022
8,Delaware,0400000US10,811267,744,474455,3238,27315,1656,3958,611,305539,3080,10,2022
9,District of Columbia,0400000US11,556781,544,369398,2770,28264,1773,3268,411,155851,2294,11,2022
10,Florida,0400000US12,17893588,3463,10023737,21085,531896,7541,74060,2184,7263895,20007,12,2022
11,Georgia,0400000US13,8504181,2862,5069418,11884,280651,5177,56407,2115,3097705,11935,13,2022
12,Hawaii,0400000US15,1176872,819,675071,3972,35913,1548,49403,1302,416485,3685,15,2022
13,Idaho,0400000US16,1451461,1153,873463,3975,34154,1954,5260,556,538584,4521,16,2022
14,Illinois,0400000US17,10274014,2941,6280447,12866,397747,5456,19469,1230,3576351,11897,17,2022
15,Indiana,0400000US18,5390900,2033,3286714,9234,154602,3507,4889,601,1944695,7706,18,2022
16,Iowa,0400000US19,2544719,1266,1627434,5740,64695,2439,3097,510,849493,5142,19,2022
17,Kansas,0400000US20,2315454,1438,1452870,5298,60636,2087,20203,1108,781745,5125,20,2022
18,Kentucky,0400000US21,3607440,1902,2025396,8315,108558,2874,13584,675,1459902,7457,21,2022
19,Louisiana,0400000US22,3679895,1787,2019199,8910,142144,3621,18832,1151,1499720,8939,22,2022
20,Maine,0400000US23,1147922,702,683370,3625,28762,1476,2201,363,433589,3125,23,2022
21,Maryland,0400000US24,4957297,1877,3131413,9046,168965,3866,31580,1653,1625339,8474,24,2022
22,Massachusetts,0400000US25,5784787,1854,3671485,8747,206164,3901,5257,665,1901881,7924,25,2022
23,Michigan,0400000US26,8166427,2100,4711444,10996,302167,4616,4979,501,3147837,9694,26,2022
24,Minnesota,0400000US27,4537247,1417,2989152,6850,123497,2735,4104,550,1420494,7212,27,2022
25,Mississippi,0400000US28,2349512,1407,1245900,6599,85519,2547,12918,827,1005175,6673,28,2022
26,Missouri,0400000US29,4940395,2174,2954860,8554,132657,3115,19997,1378,1832881,8081,29,2022
27,Montana,0400000US30,887607,716,534107,2996,21635,1095,3687,262,328178,2985,30,2022
28,Nebraska,0400000US31,1532351,788,1015656,3673,32157,1309,6472,499,478066,3408,31,2022
29,Nevada,0400000US32,2494415,1377,1456370,5281,109909,3182,12245,1087,915891,5333,32,2022
30,New Hampshire,0400000US33,1156055,812,740988,3780,27426,1382,1939,450,385702,3740,33,2022
31,New Jersey,0400000US34,7473298,2486,4619369,10412,307824,4690,11888,937,2534217,10285,34,2022
32,New Mexico,0400000US35,1696331,1189,902828,5232,59989,2546,13880,835,719634,5183,35,2022
33,New York,0400000US36,16340862,3281,9615537,20034,638401,7210,25645,1353,6061279,17067,36,2022
34,North Carolina,0400000US37,8454147,3351,4925500,12256,263374,4332,102000,2355,3163273,10812,37,2022
35,North Dakota,0400000US38,612919,603,404772,1980,12191,983,6649,522,189307,2074,38,2022
36,Ohio,0400000US39,9486925,2499,5686919,11704,300192,5748,11538,911,3488276,10691,39,2022
37,Oklahoma,0400000US40,3127702,1087,1800158,5293,92216,2031,22724,1071,1212604,5429,40,2022
38,Oregon,0400000US41,3472552,1377,2045480,7150,119746,3386,4051,678,1303275,7404,41,2022
39,Pennsylvania,0400000US42,10638892,2359,6322011,14189,358729,5326,8914,741,3949238,12629,42,2022
40,Rhode Island,0400000US44,912516,804,554054,3670,34616,1763,3936,502,319910,3617,44,2022
41,South Carolina,0400000US45,4166614,1754,2351749,9468,128211,3643,37666,1882,1648988,8608,45,2022
42,South Dakota,0400000US46,697630,669,453504,2386,14552,1010,3641,417,225933,2277,46,2022
43,Tennessee,0400000US47,5576402,2460,3258016,10739,172829,4386,19320,1234,2126237,10686,47,2022
44,Texas,0400000US48,22698396,5281,13908128,21760,766007,8777,110177,2865,7914084,19275,48,2022
45,Utah,0400000US49,2454789,1227,1639398,5796,56860,1686,6141,609,752390,5687,49,2022
46,Vermont,0400000US50,541949,501,337211,2316,13466,961,1106,246,190166,2185,50,2022
47,Virginia,0400000US51,6962091,2329,4245585,10506,197001,3870,128257,2618,2391248,9756,51,2022
48,Washington,0400000US53,6209213,1750,3752076,8699,197009,3793,61714,2234,2198414,7348,53,2022
49,West Virginia,0400000US54,1476838,855,736212,4534,47503,1883,2397,446,690726,4562,54,2022
50,Wisconsin,0400000US55,4764779,1536,3020890,6984,105086,2540,3630,423,1635173,6425,55,2022
51,Wyoming,0400000US56,460637,640,287895,1956,11456,836,3487,448,157799,1843,56,2022
52,Puerto Rico,0400000US72,2785909,1382,1081330,7087,165697,3359,3189,591,1535693,6605,72,2022
1,Alabama,0400000US01,4056609,1996,2229912,8902,112849,2930,15906,971,1697942,8808,01,2023
2,Alaska,0400000US02,574021,784,338252,3325,20644,1185,22039,2056,193086,2357,02,2023
3,Arizona,0400000US04,5862117,1956,3340327,8912,182184,3519,24803,1190,2314803,8617,04,2023
4,Arkansas,0400000US05,2409758,1518,1327740,7061,71269,2406,6600,760,1004149,6691,05,2023
5,California,0400000US06,31545603,5182,18700223,23770,1282259,10353,161596,3378,11401525,21368,06,2023
6,Colorado,0400000US08,4717446,1922,3051664,7950,143373,3522,42683,1529,1479726,6916,08,2023
7,Connecticut,0400000US09,2955944,1423,1835455,7251,109838,3770,8409,717,1002242,6223,09,2023
8,Delaware,0400000US10,820630,764,481728,2923,25640,1358,3953,676,309309,2802,10,2023
9,District of Columbia,0400000US11,556577,524,371410,2793,25748,1482,3463,439,155956,2764,11,2023
10,Florida,0400000US12,18129301,3743,10209399,18982,516132,7391,78025,2901,7325745,18952,12,2023
11,Georgia,0400000US13,8582918,3305,5130869,15337,276950,5589,59494,2036,3115605,15171,13,2023
12,Hawaii,0400000US15,1175666,786,668094,4087,35378,1592,49289,1279,422905,3712,15,2023
13,Idaho,0400000US16,1484640,1151,896360,4239,34229,1912,5172,518,548879,4280,16,2023
14,Illinois,0400000US17,10223628,2571,6253243,12917,384790,5723,20841,1307,3564754,12283,17,2023
15,Indiana,0400000US18,5403282,1958,3302869,9401,148579,3770,5440,754,1946394,8290,18,2023
16,Iowa,0400000US19,2547553,1343,1629641,5512,61411,2502,3139,471,853362,4752,19,2023
17,Kansas,0400000US20,2315234,1143,1454760,5438,59154,2026,20675,1066,780645,4708,20,2023
18,Kentucky,0400000US21,3605426,1756,2032890,7778,103267,2430,14435,711,1454834,6852,21,2023
19,Louisiana,0400000US22,3655132,2000,2013227,9470,135734,4238,19915,1058,1486256,8793,22,2023
20,Maine,0400000US23,1157198,689,688248,3558,28048,1392,2109,341,438793,3462,23,2023
21,Maryland,0400000US24,4954123,1937,3133266,8165,162773,3830,32478,1513,1625606,7861,24,2023
22,Massachusetts,0400000US25,5791845,2203,3687020,8101,199882,4224,5781,601,1899162,7411,25,2023
23,Michigan,0400000US26,8155338,2164,4712135,10989,290715,4793,5414,566,3147074,9635,26,2023
24,Minnesota,0400000US27,4549661,1817,2989357,6398,122323,2886,4070,617,1433911,5907,27,2023
25,Mississippi,0400000US28,2342850,1607,1247172,7134,79706,2451,13452,1001,1002520,6913,28,2023
26,Missouri,0400000US29,4945676,2109,2974499,8118,127719,3107,19503,1306,1823955,7322,29,2023
27,Montana,0400000US30,897820,742,539136,3266,21045,1273,3883,350,333756,2813,30,2023
28,Nebraska,0400000US31,1536522,940,1018867,3558,31428,1556,6503,523,479724,3036,31,2023
29,Nevada,0400000US32,2528760,1530,1474290,5738,107736,3141,13013,1002,933721,5520,32,2023
30,New Hampshire,0400000US33,1164149,751,745100,3205,25914,1251,1919,407,391216,2922,33,2023
31,New Jersey,0400000US34,7477249,2400,4644770,11248,304881,6104,11377,1014,2516221,10293,34,2023
32,New Mexico,0400000US35,1705686,1314,912332,5093,58121,1908,14637,866,720596,5233,35,2023
33,New York,0400000US36,16235440,3282,9568411,18158,632127,7104,25922,1245,6008980,16281,36,2023
34,North Carolina,0400000US37,8533822,2708,4990710,12673,253256,5037,108012,2547,3181844,11386,37,2023
35,North Dakota,0400000US38,613763,659,404575,2509,11847,892,7306,619,190035,2270,38,2023
36,Ohio,0400000US39,9477782,2992,5694732,11421,290011,5843,12184,925,3480855,10984,39,2023
37,Oklahoma,0400000US40,3142477,1312,1808400,5422,93199,2553,23486,1019,1217392,5663,40,2023
38,Oregon,0400000US41,3483666,1510,2051335,6599,116411,3525,4301,704,1311619,6660,41,2023
39,Pennsylvania,0400000US42,10628282,2835,6315752,13517,349819,5676,9390,907,3953321,12067,42,2023
40,Rhode Island,0400000US44,912681,937,555915,4422,33634,1943,4049,454,319083,3995,44,2023
41,South Carolina,0400000US45,4216865,1589,2388777,9859,124521,3402,39412,2084,1664155,8750,45,2023
42,South Dakota,0400000US46,704344,743,457450,2581,14163,775,3774,410,228957,2342,46,2023
43,Tennessee,0400000US47,5612667,2021,3301152,9616,164163,4072,19903,1233,2127449,8934,47,2023
44,Texas,0400000US48,23026070,5768,14140748,24489,765912,8726,118359,3117,8001051,22227,48,2023
45,Utah,0400000US49,2498070,1440,1673539,5687,59150,1964,6976,817,758405,5425,49,2023
46,Vermont,0400000US50,543008,511,337258,2579,12815,766,1095,286,191840,2392,50,2023
47,Virginia,0400000US51,6980834,2587,4258744,10029,191415,4187,130751,2674,2399924,8719,51,2023
48,Washington,0400000US53,6252501,1853,3781332,8903,198360,3782,63401,1807,2209408,8007,53,2023
49,West Virginia,0400000US54,1469375,1067,740597,4447,45018,1844,2530,415,681230,4336,54,2023
50,Wisconsin,0400000US55,4771274,1573,3018918,7836,102659,2787,3480,403,1646217,6813,55,2023
51,Wyoming,0400000US56,462236,575,285935,2315,11118,786,3427,457,161756,2082,56,2023
52,Puerto Rico,0400000US72,2787925,1409,1113397,5787,153090,3400,3360,553,1518078,5813,72,2023
1,Alabama,0400000US01,4087228,1939,2256522,8166,111265,3023,16158,1040,1703283,7301,01,2024
2,Alaska,0400000US02,577431,756,338408,2728,21037,1095,23643,1206,194343,2521,02,2024
3,Arizona,0400000US04,5975507,2526,3415601,9352,183239,4131,24597,1271,2352070,8579,04,2024
4,Arkansas,0400000US05,2429301,1271,1341614,5966,69655,2251,6474,647,1011558,5668,05,2024
5,California,0400000US06,31699656,4798,18742898,23401,1325568,10867,159833,3745,11471357,19774,06,2024
6,Colorado,0400000US08,4779932,2016,3085757,7631,149719,3257,43940,1624,1500516,6758,08,2024
7,Connecticut,0400000US09,2985163,1292,1849864,7074,109626,3835,8336,614,1017337,6613,09,2024
8,Delaware,0400000US10,835110,758,487985,2842,26301,1725,3971,673,316853,2987,10,2024
9,District of Columbia,0400000US11,564439,533,374990,3015,25416,1654,3796,495,160237,3170,11,2024
10,Florida,0400000US12,18564316,3350,10484998,21926,531580,8865,77377,2460,7470361,20151,12,2024
11,Georgia,0400000US13,8708339,2706,5213857,14154,282204,5251,58682,2191,3153596,12883,13,2024
12,Hawaii,0400000US15,1178236,713,667178,2924,34516,1439,49068,1263,427474,3057,15,2024
13,Idaho,0400000US16,1524285,1196,919255,4524,35649,1762,5267,579,564114,4016,16,2024
14,Illinois,0400000US17,10264353,2949,6263764,12614,388370,6021,21886,1205,3590333,11609,17,2024
15,Indiana,0400000US18,5446735,2100,3323528,9746,148488,3866,5035,584,1969684,9289,18,2024
16,Iowa,0400000US19,2564248,1259,1639141,5370,60853,2356,3353,547,860901,4578,19,2024
17,Kansas,0400000US20,2329510,1352,1460125,6124,59250,2176,20995,1065,789140,5520,20,2024
18,Kentucky,0400000US21,3628656,1562,2047296,8118,104742,2993,14127,639,1462491,7269,21,2024
19,Louisiana,0400000US22,3652089,1902,2013003,8340,135161,3705,18471,1234,1485454,8175,22,2024
20,Maine,0400000US23,1169084,743,692551,3986,27132,1470,2139,314,447262,3689,23,2024
21,Maryland,0400000US24,4991002,1812,3151451,8735,162200,3720,37445,1815,1639906,6883,24,2024
22,Massachusetts,0400000US25,5848392,2037,3709853,8416,201593,4058,5906,767,1931040,8555,25,2024
23,Michigan,0400000US26,8197132,2512,4732153,11976,286296,5011,5554,628,3173129,11124,26,2024
24,Minnesota,0400000US27,4583739,1596,2992254,7383,126788,2918,4015,600,1460682,6948,27,2024
25,Mississippi,0400000US28,2342991,1576,1255444,6629,76677,2700,13284,854,997586,6145,28,2024
26,Missouri,0400000US29,4975226,1982,2995281,8513,125358,3242,20108,1435,1834479,7526,29,2024
27,Montana,0400000US30,910623,736,547966,2977,20602,1047,3845,384,338210,2976,30,2024
28,Nebraska,0400000US31,1550380,1116,1024674,4152,32072,1319,6457,589,487177,3598,31,2024
29,Nevada,0400000US32,2574614,1533,1499718,6562,112440,3015,13949,876,948507,6079,32,2024
30,New Hampshire,0400000US33,1173489,865,749856,3947,25970,1453,1721,366,395942,3701,33,2024
31,New Jersey,0400000US34,7551127,2719,4687305,10522,315874,4760,11368,1088,2536580,9074,34,2024
32,New Mexico,0400000US35,1716461,1391,917730,5905,58172,2480,15462,846,725097,5814,35,2024
33,New York,0400000US36,16259040,3540,9523591,18192,648175,6671,23589,1006,6063685,17424,36,2024
34,North Carolina,0400000US37,8672106,2726,5084958,13053,251905,4747,106744,2127,3228499,12672,37,2024
35,North Dakota,0400000US38,620111,704,406256,2612,11552,861,7575,723,194728,2475,38,2024
36,Ohio,0400000US39,9521105,2551,5709399,12728,285380,5523,13222,987,3513104,11277,39,2024
37,Oklahoma,0400000US40,3175891,1251,1825720,5400,95693,2485,22729,966,1231749,4981,40,2024
38,Oregon,0400000US41,3510012,1601,2066462,7109,117000,3273,3892,619,1322658,6803,41,2024
39,Pennsylvania,0400000US42,10676396,2659,6332886,15503,351289,5595,8743,738,3983478,13468,42,2024
40,Rhode Island,0400000US44,920328,805,559823,3798,34430,1954,4308,498,321767,3893,44,2024
41,South Carolina,0400000US45,4296899,1880,2435236,9298,125193,3146,38968,2089,1697502,9187,45,2024
42,South Dakota,0400000US46,712981,853,461290,2520,13933,1027,4102,475,233656,2437,46,2024
43,Tennessee,0400000US47,5686961,2435,3362616,9996,164955,4178,19341,1324,2140049,9515,47,2024
44,Texas,0400000US48,23528174,5874,14431125,22925,802438,10072,121089,2714,8173522,20217,48,2024
45,Utah,0400000US49,2563725,1452,1714800,5795,63306,2254,6885,751,778734,4993,49,2024
46,Vermont,0400000US50,546316,555,339613,2531,12519,800,955,251,193229,2461,50,2024
47,Virginia,0400000US51,7037245,2367,4277711,10127,190525,4836,130618,3072,2438391,9525,51,2024
48,Washington,0400000US53,6336814,2053,3819646,10278,204777,3755,64212,2290,2248179,8268,53,2024
49,West Virginia,0400000US54,1467075,912,744248,5062,42641,1755,2884,513,677302,4931,54,2024
50,Wisconsin,0400000US55,4805425,1414,3031042,7688,101728,2785,3830,435,1668825,7212,55,2024
51,Wyoming,0400000US56,466238,726,288713,2364,11113,877,3817,486,162595,2251,56,2024
52,Puerto Rico,0400000US72,2788407,1213,1150831,6702,138463,3100,3637,630,1495476,6451,72,2024
